<?xml version="1.0" encoding="utf-8"?>
<IMAGINE_PLUGIN>
  <FILES>
    <!-- Core Binaries -->
    <FILE srcFile="bin/Win32Release/ProcessRunner.exe" destImagineFolder="bin/Win32Release" />
    <FILE srcFile="bin/Win32Release/LAStoolsCommon.dll" destImagineFolder="bin/Win32Release" />
    <FILE srcFile="bin/Win32Release/LAStoolsDialogsEML.dll" destImagineFolder="bin/Win32Release" />
    <FILE srcFile="bin/Win32Release/LAStoolsRibbon.exe" destImagineFolder="bin/Win32Release" />
    <FILE srcFile="bin/x64URelease/ProcessRunner.exe" destImagineFolder="bin/x64URelease" />
    <FILE srcFile="bin/x64URelease/LAStoolsCommon.dll" destImagineFolder="bin/x64URelease" />
    <FILE srcFile="bin/x64URelease/LAStoolsDialogsEML.dll" destImagineFolder="bin/x64URelease" />
    <FILE srcFile="bin/x64URelease/LAStoolsRibbon.exe" destImagineFolder="bin/x64URelease" />
    <!-- Spatial Model Operator Plugins-->
    <FILE srcFile="bin/Win32Release/LAStoolsSpatialModeler.dll" destImagineFolder="usr/lib/Win32Release/Operators" />
    <FILE srcFile="bin/Win32Release/LAStoolsSpatialModeler.xml" destImagineFolder="usr/lib/Win32Release/Operators" />
    <FILE srcFile="bin/x64URelease/LAStoolsSpatialModeler.dll" destImagineFolder="usr/lib/x64URelease/Operators" />
    <FILE srcFile="bin/x64URelease/LAStoolsSpatialModeler.xml" destImagineFolder="usr/lib/x64URelease/Operators" />
    <!-- LAStools Group toolbox -->
    <FILE srcFile="ribbon/LAStoolsGroup.tlbx" destImagineFolder="etc/toolbox/LAStools" />
    <FILE srcFile="ribbon/preprocess.tlbx" destImagineFolder="etc/toolbox/LAStools" />
    <FILE srcFile="ribbon/process.tlbx" destImagineFolder="etc/toolbox/LAStools" />
    <FILE srcFile="ribbon/generateproducts.tlbx" destImagineFolder="etc/toolbox/LAStools" />
    <!-- Icons -->
    <FILE srcFile="icons/blast2dem.ico" destImagineFolder="etc\toolbox\LAStools\Icons" />
	  <FILE srcFile="icons/las2dem.ico" destImagineFolder="etc\toolbox\LAStools\Icons" />
	  <FILE srcFile="icons/las2iso.ico" destImagineFolder="etc\toolbox\LAStools\Icons" />
	  <FILE srcFile="icons/lasboundary.ico" destImagineFolder="etc\toolbox\LAStools\Icons" />
	  <FILE srcFile="icons/lasclassify.ico" destImagineFolder="etc\toolbox\LAStools\Icons" />
	  <FILE srcFile="icons/lasclip.ico" destImagineFolder="etc\toolbox\LAStools\Icons" />
	  <FILE srcFile="icons/lascolor.ico" destImagineFolder="etc\toolbox\LAStools\Icons" />
	  <FILE srcFile="icons/lasduplicate.ico" destImagineFolder="etc\toolbox\LAStools\Icons" />
	  <FILE srcFile="icons/lasgrid.ico" destImagineFolder="etc\toolbox\LAStools\Icons" />
	  <FILE srcFile="icons/lasground.ico" destImagineFolder="etc\toolbox\LAStools\Icons" />
	  <FILE srcFile="icons/lasheight.ico" destImagineFolder="etc\toolbox\LAStools\Icons" />
	  <FILE srcFile="icons/lasinfo.ico" destImagineFolder="etc\toolbox\LAStools\Icons" />
	  <FILE srcFile="icons/lasnoise.ico" destImagineFolder="etc\toolbox\LAStools\Icons" />
	  <FILE srcFile="icons/lasoverlap.ico" destImagineFolder="etc\toolbox\LAStools\Icons" />
	  <FILE srcFile="icons/lassort.ico" destImagineFolder="etc\toolbox\LAStools\Icons" />
	  <FILE srcFile="icons/lasthin.ico" destImagineFolder="etc\toolbox\LAStools\Icons" />
	  <FILE srcFile="icons/lasvalidate.ico" destImagineFolder="etc\toolbox\LAStools\Icons" />
	  <FILE srcFile="icons/lasview.ico" destImagineFolder="etc\toolbox\LAStools\Icons" />
	  <FILE srcFile="icons/laszip.ico" destImagineFolder="etc\toolbox\LAStools\Icons" />
	  <!-- EML Scripts -->
    <FILE srcFile="scripts/blast2dem.eml" destImagineFolder="scripts" />
    <FILE srcFile="scripts/las2dem.eml" destImagineFolder="scripts" />
    <FILE srcFile="scripts/las2iso.eml"    destImagineFolder="scripts" />
    <FILE srcFile="scripts/lasboundary.eml"    destImagineFolder="scripts" />
    <FILE srcFile="scripts/lasclassify.eml"    destImagineFolder="scripts" />
    <FILE srcFile="scripts/lasclip.eml"    destImagineFolder="scripts" />
    <FILE srcFile="scripts/lascolor.eml"    destImagineFolder="scripts" />
    <FILE srcFile="scripts/lasduplicate.eml"    destImagineFolder="scripts" />
    <FILE srcFile="scripts/lasgrid.eml"    destImagineFolder="scripts" />
    <FILE srcFile="scripts/lasground.eml"    destImagineFolder="scripts" />
    <FILE srcFile="scripts/lasheight.eml"    destImagineFolder="scripts" />
    <FILE srcFile="scripts/lasinfo.eml"    destImagineFolder="scripts" />
    <FILE srcFile="scripts/lasnoise.eml"    destImagineFolder="scripts" />
    <FILE srcFile="scripts/lasoverlap.eml"    destImagineFolder="scripts" />
    <FILE srcFile="scripts/lassort.eml"    destImagineFolder="scripts" />
    <FILE srcFile="scripts/lasthin.eml"    destImagineFolder="scripts" />
    <FILE srcFile="scripts/lasvalidate.eml"    destImagineFolder="scripts" />
    <FILE srcFile="scripts/lasview.eml"    destImagineFolder="scripts" />
    <FILE srcFile="scripts/laszip.eml"    destImagineFolder="scripts" />
    <!-- Preference Files -->
    <FILE srcFile="defaults/LAStools.pdf" destImagineFolder="defaults" />
    <!-- Ribbon Tab toolbox -->
    <FILE srcFile="ribbon/LAStoolsTab.tlbx" destImagineFolder="etc/toolbox" />	
    <!-- LAStools toolboxes -->
    <FILE srcFile="ribbon/generatedem.tlbx"    destImagineFolder="etc/toolbox/LAStools/generateproducts" />
	  <FILE srcFile="ribbon/blast2dem.tlbx"  destImagineFolder="etc/toolbox/LAStools/generateproducts/generatedem" />
    <FILE srcFile="ribbon/las2dem.tlbx"    destImagineFolder="etc/toolbox/LAStools/generateproducts/generatedem" />
    <FILE srcFile="ribbon/las2iso.tlbx"    destImagineFolder="etc/toolbox/LAStools/generateproducts" />
    <FILE srcFile="ribbon/lasboundary.tlbx"    destImagineFolder="etc/toolbox/LAStools/generateproducts" />
    <FILE srcFile="ribbon/lasclassify.tlbx"    destImagineFolder="etc/toolbox/LAStools/process" />
    <FILE srcFile="ribbon/lasclip.tlbx"    destImagineFolder="etc/toolbox/LAStools/process" />
    <FILE srcFile="ribbon/lascolor.tlbx"    destImagineFolder="etc/toolbox/LAStools/process" />
	<FILE srcFile="ribbon/lasduplicate.tlbx"    destImagineFolder="etc/toolbox/LAStools/preprocess" />
    <FILE srcFile="ribbon/lasgrid.tlbx"    destImagineFolder="etc/toolbox/LAStools/generateproducts" />
	<FILE srcFile="ribbon/lasground.tlbx"    destImagineFolder="etc/toolbox/LAStools/process" />
    <FILE srcFile="ribbon/lasheight.tlbx"    destImagineFolder="etc/toolbox/LAStools/process" />
    <FILE srcFile="ribbon/lasinfo.tlbx"    destImagineFolder="etc/toolbox/LAStools/LAStoolsGroup" />
    <FILE srcFile="ribbon/lasnoise.tlbx"    destImagineFolder="etc/toolbox/LAStools/preprocess" />
    <FILE srcFile="ribbon/lasoverlap.tlbx"    destImagineFolder="etc/toolbox/LAStools/preprocess" />
    <FILE srcFile="ribbon/lassort.tlbx"    destImagineFolder="etc/toolbox/LAStools/preprocess" />
    <FILE srcFile="ribbon/lasthin.tlbx"    destImagineFolder="etc/toolbox/LAStools/process" />
    <FILE srcFile="ribbon/lasvalidate.tlbx"    destImagineFolder="etc/toolbox/LAStools/preprocess" />
    <FILE srcFile="ribbon/lasview.tlbx"    destImagineFolder="etc/toolbox/LAStools/LAStoolsGroup" />
    <FILE srcFile="ribbon/laszip.tlbx"    destImagineFolder="etc/toolbox/LAStools/LAStoolsGroup" />
  </FILES>
</IMAGINE_PLUGIN>